XMEAS1,XMEAS5,XMEAS9,XMEAS10,XMEAS11,XMEAS13,XMEAS15,XMEAS20,XMEAS21,XMEAS48,XMEAS49
0.2710328736669783,32.39289976314251,122.8987964383249,0.1978264564487721,91.9932672585036,2703.521071314767,49.68186731770022,272.7821772041233,102.4800282325948,40.0,33.27708020441792
0.2703939830223424,32.50178517718578,122.8878644275401,0.1969185244404327,91.96134380568836,2703.107049041268,49.11256134612194,272.6557768907369,102.4788990747097,39.98253421038389,33.37534609659912
0.2702105150465736,32.31275555975186,122.8976075866162,0.1974478491979582,91.92851379487183,2703.517041463563,48.72123384616501,272.6434805857941,102.489716469537,39.98666008204222,36.08742505457828
0.2724961344661045,32.13286193333256,122.9229001301395,0.1976379102258821,91.95596964375954,2703.328286551946,51.17336106093448,272.9591610025905,102.4954542832321,40.00642041414976,31.27831316759699
0.2696027742902268,32.17963044711825,122.8880990075432,0.197162874736641,92.03286997758472,2704.943799728804,49.15363620056093,273.1930006969798,102.5102723401976,39.99959840983152,32.37011929719593
0.2719974488956855,32.27185976377803,122.8926656751545,0.1953800165742277,92.11874232708077,2704.991660097126,48.84451256234419,272.5332143567603,102.4792761512915,39.99997081011534,34.57415884452651
0.2707709865561859,32.65536864455596,122.9184517868317,0.1989034015691954,92.08847875645084,2705.195684588428,50.48325427756634,272.7424524351714,102.4836688705344,39.99815435618162,29.85663900416329
0.2711542031764171,32.49340675256936,122.9004472023417,0.1979708707389771,92.01592111753963,2704.655875654703,50.21168056463817,272.7474228931408,102.5022240242238,40.01390072077513,36.13034793293806
0.2706766929123871,31.92837659040739,122.886123883912,0.1986302433550378,91.94301572823206,2704.321777524419,49.88503959733261,272.7424417214235,102.4789621029703,39.9928620454669,34.28824577359735
0.2714584042511081,32.44323612327917,122.8870193457839,0.1973295533868429,91.9425762554026,2704.589644280388,49.80017122501236,273.1301934978158,102.5332052869861,40.01333429545164,32.25581536311071
0.2726555860645124,32.08091486377753,122.8946551709167,0.2004267098963398,91.9136335962226,2705.252664775108,50.16351309012578,272.9590891110503,102.4821345311082,39.9796661683917,33.79930655647021
0.2730006573116749,32.34927451336148,122.8898952311068,0.1966387745452049,91.961316912854,2705.679315471631,49.30917535038122,272.8769035900797,102.5243675307459,39.99971000880003,37.21538567632425
0.2712803060203366,32.29322574413698,122.8669260746914,0.2005548954431766,91.94402482189798,2705.419955732163,48.860306061294,272.4362993549368,102.5211090638164,40.00309161394834,34.4780982571779
0.2711984138119273,32.30950500697684,122.8930697298136,0.1994172034619634,91.97393647342878,2706.1548861893,49.24649019323444,272.5276100968659,102.5008325020561,39.98948800295592,33.56774493889105
0.2745243379799046,32.51202650779296,122.8716726062768,0.2037868119818844,91.97511632542712,2706.598939395665,49.7590227846044,273.0543874407355,102.4838296875726,39.9967638990283,30.19638937130942
0.2731120529443713,32.49576110677177,122.9125216330313,0.2073872013079541,92.0693939498504,2707.75252555816,50.83582263263702,273.1874502724642,102.4983321539444,40.00605234831571,35.70193572948465
0.2760930889880601,32.11917840595846,122.9077954664526,0.2067352041735123,92.06651599371588,2707.616418959644,49.9180377160413,273.1775123078946,102.4819197164149,40.0167873737216,34.77631287455702
0.2754948585380636,32.25232845380231,122.91500372625,0.2075634467914245,92.06638955546146,2707.449415979756,50.60642861872471,272.7352082654951,102.5054665302705,39.99004225462675,36.17086119055932
0.2761742681399774,32.6518533098396,122.8824846669181,0.2097682189776863,91.99574586040288,2706.363400057648,49.00764817748536,272.6752077750548,102.4757006837719,40.00268332213163,32.25007113956253
0.2787183215171292,32.1930793214984,122.8653527909959,0.2147445191721636,91.91562786767292,2706.275105112139,49.15429125143316,272.752816688646,102.5067518557956,40.00512710303068,30.78296922242433
0.2793847360241052,32.30197720316163,122.9009361436043,0.2154381216583456,91.96501025383178,2706.688503657575,48.49375143569527,272.8440525346915,102.5197414954614,39.9909538719058,31.66649663408453
0.2785834434938705,32.77221760693638,122.8935154172292,0.2142160057372467,92.04952889224585,2707.505203949821,49.98260731297924,272.7984027756133,102.4953791181412,39.98695197790861,32.61634966322208
0.2758865982776796,32.37762068226531,122.8984644910251,0.2166739985887358,92.05431738674088,2707.324177480448,48.72924798307798,272.7044309601832,102.5108617471751,40.01271490782499,35.30074957150271
0.2768440641919248,32.53997950795474,122.8993535995676,0.2234906500233927,91.99850091909984,2706.847236448717,49.62075754887914,272.4558824166385,102.5065931205607,39.98299169272185,36.65711156058671
0.2790779020337809,32.34261530278148,122.8929845173361,0.2208767037298505,91.9459877854617,2706.574487512623,49.48380208114977,272.8463931835341,102.5169250763813,39.98927633017301,30.99226495314471
0.278547270218556,32.74598196578972,122.902817941999,0.222427051091545,91.91213880674955,2707.404025073638,50.35812333300289,272.7226981718275,102.5261122188436,40.01444014281034,34.33624192970694
0.2771398340654472,32.16465593450764,122.8969463854084,0.2229700028044378,91.94078734272212,2706.603840327651,50.05307115119542,272.6782861892867,102.5299923617142,40.00007972449064,30.0679040766393
0.2773326342804319,32.59487663770535,122.8978924961553,0.2259414554344968,92.03217912980298,2708.253988262586,48.78381718458324,273.1906022139954,102.514455944866,40.00050171583891,31.08704147011531
0.2796534778286914,32.7691787366477,122.9157038164155,0.2304732773368059,92.09126735931405,2708.326538147995,49.43795668403665,272.6949635192205,102.5097574542301,39.99668071478605,33.78639523049843
0.2789429233236532,32.11792565979538,122.8986554516514,0.2311668172151485,92.13912548312308,2709.486867897403,49.26918506133205,272.8576308584497,102.4779957356987,39.9824014160037,34.86374537602386
0.2784356301617467,32.49079194622347,122.9070497585757,0.2360844031837735,92.0704470364809,2709.128855058776,50.32860455282507,272.2825285772294,102.5213190446738,40.00933431833982,32.94262916672572
0.2781393267341044,32.54465072027493,122.8943054106935,0.2363523371146976,92.02509459013146,2708.105856882212,50.54715397446338,272.3870250752378,102.5143475427107,39.99800572603941,35.25580984474911
0.2785726032465219,32.37270329462067,122.9079629314807,0.2408215447678283,91.98672960073068,2708.170909735215,50.62834146130783,272.7498478082725,102.5003317786018,40.00372389048338,32.54466256370185
0.2793330324820401,32.73549325517352,122.894930524765,0.2441296942905868,91.9663635511855,2707.991407509512,49.90408402604078,272.8455551105019,102.5042219355978,40.00241238802671,32.24717843187744
0.2781790742218033,32.34156347239318,122.9138294610366,0.24900936711616,91.98226656566747,2708.08298486999,50.49581450140823,272.30769575926,102.5300190791376,39.99666076868773,32.2947523635562
0.2769841688839935,32.35722080639503,122.8951643192786,0.2488285530269607,92.0218686553768,2709.057575245527,50.28250020155458,272.4568435347614,102.5082906428624,40.01323073595762,31.82904051169219
0.2758895391457731,32.29669407013398,122.904454083899,0.2481743002191897,92.00825555389426,2709.096570808304,48.52562591383782,272.6887290827965,102.5089763324729,40.00590708941221,32.85731616789188
0.2778271856990105,32.49505705149026,122.8974578307089,0.2536150427064922,92.00113455757568,2709.409335559207,50.18284089942841,272.9448997032162,102.5159406675022,40.00801014155149,31.59805255688344
0.2765784006043793,32.54398319044998,122.872065148213,0.2589043462912733,92.03229804921476,2708.960820079639,49.87919711908145,272.6774052225296,102.5260162232878,39.98849246233701,33.01547288527949
0.2765049246108384,32.11003074233921,122.9041375722783,0.2637667549679846,92.04222009330998,2709.072104988258,50.99074102447316,272.4404417525787,102.5178677567503,39.98478258341551,35.33396251557573
0.2742755981625707,32.41123093158725,122.8853604389412,0.2620044406711483,91.96452154405928,2707.939570232729,48.21005967504917,272.3505476008494,102.5132215484493,39.98652705401182,32.47123942359995
0.2749580910308322,31.95118235724061,122.9016389034908,0.2656714845654779,91.99877266510116,2709.29096527077,48.47975836611302,272.6430536748772,102.5425434450732,39.9942955610156,35.11689496533729
0.27543718958488,32.27350615873328,122.8881342112486,0.2694184765561432,92.05166475645208,2708.415583429889,50.18899005477658,272.5369685763679,102.5256104231838,39.99639934748411,32.26126059626239
0.2752291805583718,32.54265244007604,122.903276559441,0.2683241197545947,92.0879527220491,2708.781659056902,48.21070481003479,272.4951597346324,102.5269428770059,40.00356147021055,35.73138517012318
0.2775663165384152,32.43174924896731,122.8946311006683,0.2755849255680094,92.0748604975659,2708.285401075162,48.57480635908295,272.4538008711079,102.549803418769,40.00769699305296,34.93145042635133
0.2724637470700724,32.08318102759782,122.8861025747319,0.2720747129875148,92.04772392400606,2708.724556374334,49.00122972734448,272.1635373055759,102.5247312725097,39.99876785963774,35.36990732319515
0.2738741276132092,32.09346238651825,122.9029221067141,0.2779754951811023,92.0935587427743,2708.79426046046,50.82137252668831,272.4229731225751,102.5418923528308,39.99772517889738,34.37567868478207
0.2739060722832261,32.53195257144688,122.9025669199064,0.2780778265025916,92.04482233786176,2708.605793742329,49.79944572712819,272.3317773784601,102.5487934613609,39.99519184798002,31.85052372365937
0.2729631801110296,32.29612934211428,122.8950326116083,0.2821581652850416,92.0172139633757,2708.024091933336,50.89895668647551,271.9159575789715,102.5576426992752,39.99536967009306,32.4450525894401
0.2721245210477991,32.39640944918053,122.8956607582888,0.285429657793376,92.0051901214748,2708.107794983545,48.53214467027565,272.7243622863139,102.5461860211428,39.99496408194304,33.39258198992161
0.2714857663664726,32.72274151956989,122.8905852435493,0.2844092031958477,91.98178796651946,2706.937433820526,49.04013976625329,272.3244571332528,102.5614588117104,39.9970548889041,32.34933305028861
0.2732800412038056,32.13943882559721,122.8796905735452,0.2870669746064747,92.02895474566624,2708.227968370968,49.91503152770463,272.564676224078,102.5615139815863,40.01126966208219,33.42116560975512
0.2727320791810725,32.41472023398124,122.9008517148728,0.288336198967412,92.12473220138008,2707.831841497414,50.05552805619712,272.7040069728046,102.5439815433115,40.00409216612577,33.44962329857147
0.275397735840882,32.45022664815048,122.8966325608725,0.2907991848373,92.1587173244499,2708.795486895609,50.63641029830462,272.5596695551969,102.5366978242386,40.00606231421232,35.96841433338003
0.2758585883058143,32.27239937532448,122.902359957603,0.2943168828185099,92.0828533235593,2707.622467178293,50.76973164131724,272.168113801678,102.5259639040624,40.00949952811003,32.44270139296849
0.2763510620374049,32.11657119696229,122.9054322783921,0.2978067956401942,92.0555950263893,2707.159383031122,48.08488512030621,271.6579453848295,102.5588068640923,40.00207178801298,34.70052326307066
0.276840783052671,32.57688479681987,122.8882039951276,0.2957585882498933,92.04102521256726,2706.993219164091,50.97842908007406,272.2995004145342,102.5426841579252,39.99753753393888,32.57605555291928
0.2770253775922581,32.46421766167223,122.9109349102126,0.2965804094730572,92.11904285679792,2707.07765138813,49.51266769807984,272.5385687940711,102.5617094372355,39.9966924354434,33.78360714474278
0.2793806834637904,32.20092853415075,122.9011146192535,0.2969924986615236,92.18414497556726,2707.582026843006,50.0218556021124,272.0398572258645,102.5281028556809,40.01492002218961,33.15119757299489
0.2792584822201299,32.32976095425141,122.8981510379595,0.3012893871770374,92.1496434541876,2706.508211378344,48.81465671704812,272.113515340728,102.5386015577792,40.0097591277957,35.48354902275841
0.2799930572062178,32.56218040130145,122.9165690244565,0.2992757513040877,92.08224214838626,2706.279864502162,51.46092210129448,272.252775425288,102.5498492126169,39.99583364695311,31.61932622985631
0.2774428124320015,32.12401074757486,122.9043093970093,0.2995745495442921,92.09960377772911,2706.541674226711,50.06240227944695,271.9703215613275,102.5614819033466,40.00731089800596,36.52220236804072
0.275235101459385,31.92996631517677,122.8994925059877,0.3021783111056863,92.11850095632175,2706.956938850005,50.23951895298323,272.0363386645199,102.556417638686,40.01828003138304,34.29580123333535
0.2750205226241649,31.84014965265347,122.8897439092256,0.3045908873882724,92.14026553229496,2707.034076671491,49.58875875646439,271.9744241574692,102.5442227122018,40.0106972810626,33.19365710315768
0.2733605490649266,32.05253399139175,122.8992896851864,0.3015570681183354,92.14880415263862,2706.360779522714,50.23046136748709,271.9074190598679,102.5544227927689,40.00332168787718,33.65477386218227
0.2728663715461496,32.23385235189625,122.9071382962165,0.3014168671341951,92.12335905736678,2706.000538154984,48.96205703306296,271.8641998113826,102.5418940927439,40.00780114382506,34.84988421660413
0.2746579016942178,31.98620612544488,122.8895245271333,0.3041167504965762,92.02865272618344,2704.698167571103,48.16576936778941,271.6966965808718,102.5536517780282,39.98047017306089,31.01602949573727
0.272355843962927,32.17315200923812,122.8968956466377,0.3019385290186286,92.03506913963658,2705.618357021198,49.77775704222614,271.6567181922803,102.5747069016987,40.00970901697874,33.0074433015549
0.2750666942644384,32.12711349470956,122.889174132802,0.3045656411747035,92.09592003839728,2705.982885379209,49.35300218402553,272.0934973580818,102.5717087686922,39.99323144167661,36.35043842444257
0.2734891021832591,32.25293003081723,122.8722235608375,0.3065071737980868,92.13204110476624,2706.132837256102,50.54752544917061,272.2450914944147,102.5792673841625,40.011301843822,32.81733820363092
0.2746015133471905,32.06883224337538,122.9161863317176,0.3075379057387813,92.16836647947596,2706.548078362275,48.55063744423297,271.9062686679314,102.532769749985,40.00491160601378,32.04173131765661
0.2757236825176648,32.11164621611704,122.9116754557415,0.308247252542053,92.16782804390444,2706.631839727218,48.39959095410243,272.2078441487784,102.547349753394,39.99151533335447,33.05637228781122
0.2750050839147378,32.61259731433162,122.8964988036096,0.307505780129895,92.16687713197818,2705.636990048602,49.08151537107079,271.9130375135841,102.5370874821782,39.98837875574827,34.60714561700561
0.2738261598460126,32.64108296379506,122.8965378918166,0.3060706354674375,92.1345727472622,2705.904854742147,49.42016290612142,272.2855789298891,102.5582812653988,40.00243828982115,32.99413192129657
0.2730685786702264,32.31743078346103,122.9081718224658,0.3089979386841625,92.19536948308804,2705.867909655568,50.66315249986873,271.833196368845,102.5317719031973,39.99771461695433,33.70196128905698
0.272109275572836,32.40383008547138,122.9008967547924,0.3071599403094257,92.21637149170148,2706.092409542844,47.88704092113939,272.0234361740506,102.5401979942758,39.99018124312163,32.16363170769998
0.2721149190829362,31.88837032076293,122.9156555534652,0.308957843249524,92.20380364992543,2706.355213166605,50.54641336354204,271.8561494173403,102.5473045912673,40.00085048407316,30.64226249847341
0.2733390794814613,31.9720459707253,122.8868807466342,0.307754389452173,92.2560958161715,2705.927859967175,49.05786718117898,272.0130893835482,102.5400720391267,40.02861889570951,30.64839056385869
0.2732095387192964,32.49321062532294,122.8983540883402,0.3142024298742584,92.27567919141356,2706.612112839761,50.27963174355718,271.8301856016657,102.5565942623666,40.01163313597441,31.85016074729005
0.2742770916141686,32.42552979413972,122.9057032947348,0.3139576441901339,92.29622654693353,2705.434758860835,48.47046383041054,272.0361376946631,102.541502934038,39.9880344364047,32.62893894595702
0.2716143081985101,32.42099159661741,122.887443077725,0.3176750256812491,92.26110153270216,2706.391769684952,50.74811985424228,272.0540013470273,102.5354642287084,40.00827440947294,35.26340203556039
0.272379308182071,31.97781472050417,122.9002544276722,0.3126430611656325,92.18333818460418,2705.63881912157,48.97834785545826,271.5543503942959,102.5507458983738,40.01017595022917,35.11919025786417
0.2719752264112371,32.132250224662,122.8899616942043,0.3137250018327556,92.14588935456524,2705.644491598139,49.56307568756402,271.5153394580154,102.5664497934878,40.01071207731962,32.57768889680388
0.2746918399575171,32.62626118168248,122.9149219727936,0.314310625854062,92.20535023646774,2705.258100458209,48.44444332218666,271.881257440667,102.5765883581871,40.0073572704196,34.18064260268925
0.274718956562616,32.05339270413483,122.8917867904762,0.3144529522365864,92.21216143447155,2705.882753968085,48.35528991983119,271.5883271307133,102.5606751918074,39.9773657771945,30.31001937047198
0.2735532098331563,31.84997421444972,122.8856408232676,0.3195849497416499,92.22662948318668,2705.775654562825,50.31709811671632,272.1205011978953,102.5992786785259,39.99190445631743,33.82370637521646
0.2744067545083499,32.12000905981173,122.8835043570483,0.3134038431995549,92.18709738297724,2705.58492181086,50.62502274903616,271.8123102577009,102.5613075138548,40.00394967764616,33.66622406314192
0.2767286968756984,32.48040004542428,122.8797688037673,0.3158053571800539,92.19455773478008,2705.601518885047,49.00583988300324,271.7506960256028,102.5665576430844,39.99115767210722,32.0948760885959
0.2759011298594081,32.56208939828795,122.887844731016,0.3166102819572454,92.20122815118296,2705.481546875823,48.52993436775576,271.4353762851694,102.5843812026242,40.01048791617155,33.97100822661304
0.2739503971577309,32.47563988280161,122.8963369650811,0.3159061694974806,92.2282485975822,2706.165868782992,48.3760511319636,270.9463698999475,102.5647636577376,40.01692930907011,31.64406868866193
0.2739530792026988,32.17009906272443,122.8984567734394,0.3157483502681213,92.23302135444104,2705.899017119105,48.3039244128508,271.6999772628955,102.5639184752723,40.01543314188719,36.66668439420303
0.2753435865026745,32.21847978209168,122.8997688251205,0.3168346752726507,92.25806090508028,2706.042634812282,48.17610240077695,271.2898910572339,102.563528325846,40.0097649499774,30.68325139873981
0.27345741856627,32.32887569182648,122.9057845993222,0.319998559976254,92.24061595425673,2705.533660260339,48.05152873275406,271.2495325641104,102.5651764249283,39.99886940211058,35.31089531852975
0.2736663455714358,32.31199150583503,122.8780751403678,0.3171297182600947,92.1601678504116,2705.07914963858,48.93419880144207,271.2011257265419,102.5739368039586,39.98599612444639,33.57596371290397
0.2735589521874153,32.04141688985651,122.9070837536214,0.3178947285227238,92.1426956229539,2705.51777388755,50.56199649529289,271.3099224646477,102.5894306534652,39.99396593302488,33.82322989340474
0.272285059090363,32.41321330957472,122.8952853362564,0.3239639714051929,92.14631180707832,2705.888407770353,49.66275476085794,271.7305216363627,102.5750956504367,40.01867127627134,32.07050201005043
0.2743614258057724,32.34255120700432,122.8891924320179,0.320551852935643,92.2033934150468,2705.975700467611,50.12041257995647,271.3570980760331,102.5741214593636,40.00570609301329,31.75525550592262
0.2756495612468007,32.1516562284342,122.9087221093486,0.3204264538541406,92.23834584448508,2706.360873417533,49.3424115188112,271.45179198299,102.5656905620616,40.00437669962645,33.55157446792698
0.2771532790845619,31.94908994761946,122.8872973566172,0.3211070225767458,92.2888708529089,2706.680257899453,48.73530030976816,271.5097789499008,102.5667007978756,39.97804188936949,34.03788037935492
0.2775915238597929,32.29491712682788,122.8931670857824,0.3223357434290347,92.25420695905542,2706.848804236058,49.472459776284,271.5618381302375,102.5713482378934,39.99398971766234,34.41227678991752
0.2791264110144528,32.28349139019209,122.8998173159903,0.3229467390899732,92.19018098956532,2706.427154409368,49.38085666882855,271.5647642385129,102.5743651004507,39.99943597048521,32.9022155277636
0.2795797206286099,32.02004022174613,122.8875708402287,0.3246154264089894,92.1705827887998,2705.785452193588,49.08544230224812,271.1811433515675,102.5749387854492,39.9989042493701,32.7716722577549
0.2791767584076982,32.41290875165089,122.9086841638472,0.327301186372952,92.2122324337028,2706.140469974234,50.72263348537811,271.3903989042134,102.5587547679528,39.9988742467761,32.50086690807038
0.2791330340726531,32.23549277398219,122.8961740118412,0.3241291035943081,92.24540605048568,2706.696790788441,50.36453748250216,271.5029112944115,102.5896560338269,40.02168822497129,35.82875395101142
0.2809294370174888,32.08368360237929,122.8888603594249,0.3242567340483207,92.2242979204553,2705.886938361701,50.05189507151405,271.2841449077359,102.5701153785078,39.99876814097166,32.68706189886269
0.2764362589295806,32.06000338065013,122.9032258940944,0.3270895663500332,92.24222702508668,2706.917951473428,48.4127556627055,271.1861690387529,102.5841309775516,40.00002327650785,32.20109914552607
0.2764340823602246,32.18407797715857,122.905873891337,0.3298285158732807,92.24566010191536,2707.348266182376,48.47276447279266,271.3565876198784,102.5790902528789,40.01990516394377,32.96909187866335
0.2748136227992102,31.81924625356462,122.8966928189722,0.3323066100501993,92.2611661202833,2707.042453257066,47.00432634268213,271.1935536474052,102.5803797932697,39.999617793262,33.16721247080417
0.2767882847861383,32.42859626677073,122.9077675804751,0.3324330968582798,92.24748004857696,2706.946535705559,48.22608936035157,271.3808447475225,102.5594372705355,40.01741646498441,32.11234102688868
0.2725431971445423,32.18820742027274,122.9019047230609,0.3321015199152464,92.24731420808013,2706.22944554326,48.62011810932321,271.4655647208354,102.5831963537108,39.98497413367033,30.84495851563923
0.2744786800811371,32.41392019805026,122.9047902390845,0.3332084634977008,92.2450507013958,2706.815365056817,49.67512331906941,271.2170320089675,102.554502943968,39.99689917296171,33.99500025709479
0.2725445147326252,32.06966689276093,122.9041426326064,0.337221549564735,92.27956234934422,2707.146342659696,48.60684119397444,271.5754974812766,102.5581578341141,39.99571574896574,32.45440466143966
0.2697019516433794,32.11344450726587,122.9114234075969,0.3390084468632409,92.27135116036632,2707.744207319606,49.28793233786709,270.9411281676673,102.5452329702929,40.00037480086088,34.16930151332829
0.2691919707592094,32.17122965789243,122.9109470878381,0.3392000029442259,92.24379755113924,2706.976433573394,48.91219486430909,271.1441349963836,102.5482916989993,39.99315585821867,31.57222476338677
0.2682547519100749,32.24352287549888,122.9167230236567,0.3401610369266921,92.24305900381154,2706.820644084832,48.12218129253134,270.9730616175449,102.5588953118312,40.00083282202482,34.44024290547194
0.2694432302145623,32.183419385047,122.896451720366,0.3428007914523513,92.2040758706818,2707.35062999503,49.66370256215197,271.7711407571106,102.5548270977517,40.00097111433745,33.18531495404726
0.2718753439992723,32.11391298560952,122.9017867900556,0.3438993405513564,92.22522655893356,2707.232917830317,49.50208346062681,271.1607932962719,102.5676322287459,40.00112374991178,34.89233321516198
0.2699051311396676,32.2682278926117,122.8949026798551,0.3399607273473027,92.25023237209216,2707.070065892412,47.91351703984322,271.2039289581627,102.5842709018449,39.99433809965849,36.19902011867198
0.2689790043881916,32.09397906016991,122.8951325885663,0.3463647163480978,92.21269049354372,2707.120803438492,50.2429740716587,271.3514186143855,102.5533063185962,40.01149183005094,32.1104997684627
0.2703240458240437,32.2021834136498,122.9055524360515,0.3477064664696274,92.22970301271702,2706.410421328848,48.21968975260245,271.2467490257289,102.5554432114948,40.00536694258452,29.72834844815652
0.2694745181995762,32.25981555750946,122.9129239223508,0.3492284335008602,92.26944780603618,2706.654570216702,49.83225073297481,271.0298722541124,102.5584388284012,39.97821464270353,33.58948554526199
0.2687519270122939,31.94769904408902,122.9029752949782,0.3507871039772988,92.28204634076532,2707.097223900072,48.46425788586603,271.2250977826747,102.5215255194685,39.99015490740538,33.53744440501577
0.2691526732523705,32.05332414547701,122.8961094139015,0.3535281862494281,92.29023133999952,2707.205719174797,49.24096634125708,270.9618383911486,102.5434604317774,39.97445417612791,35.33256822541166
0.2719447015192737,32.41488818363129,122.9130423206482,0.3490292509024688,92.2905510940113,2707.007280806528,47.95543618213932,270.8762536716211,102.5599064173528,39.99683907717466,31.19359055689124
0.2734088622527817,32.04134431814355,122.9183168903914,0.3522590652636314,92.31117651038348,2706.771556149216,48.20426481914875,271.0010686640658,102.5286982738982,40.00727653712034,37.21457826074452
0.2726011455652512,32.32176607621863,122.9178952940616,0.3510793710569414,92.28022635664396,2705.775324467087,47.66003608182055,271.0720163578583,102.553199218826,39.98458392351866,34.5979395276683
0.2721543366653447,32.12857454188408,122.885225726661,0.3529876088803246,92.2754328800244,2705.994361216375,47.76514973096749,271.1513206583891,102.5463777909598,40.00482423990965,30.43242746050444
0.2732501174294113,32.32744743464309,122.8939719310607,0.3564835215997771,92.26843839728888,2705.673340247887,46.07662916077172,270.9011269714887,102.5395694969367,40.0028826162219,32.57669946326953
0.270932320563972,32.30207781614014,122.90901319766,0.35882973326517,92.27726016064663,2704.878379348736,48.65756039111101,270.7316657874993,102.5392899295957,40.01875622957945,31.4123554508593
0.2688525608830075,32.05366042562724,122.9054419755883,0.3569216750867924,92.2517282260268,2705.522816026055,48.21148984811324,271.0771307779801,102.5274314352153,39.99686092585326,31.78926097804617
0.2722918668153466,32.09055710580655,122.9093625254298,0.3557721598252715,92.23843479466174,2705.153639495183,49.4143171955421,270.9314261083632,102.5416355327581,40.01023631304503,32.25109752481757
0.2707481953937715,32.20360260926611,122.9033782296342,0.3545707328020248,92.20176316693994,2704.391674434759,47.96318301335707,270.6988268587634,102.5482850046282,40.0082952901721,30.55567483494459
0.2703098578148444,32.18425738239466,122.8899233035296,0.3575517495353282,92.21783421467698,2704.656162170576,46.86332893020489,271.0508279378726,102.5474201131863,39.99456685274839,34.56551120905097
0.271770835159827,32.30598723265116,122.8977084865592,0.3516441364705539,92.21191550770264,2704.872978192983,47.96362819524354,270.8710078383829,102.5646598993805,40.00937754839659,36.12436259884407
0.2700892183765938,32.1931280358371,122.8888830441553,0.354923627571037,92.21148576946295,2704.868522530487,48.70054595170251,271.2110426176381,102.565310055061,40.00162714213133,31.18291174282353
0.268899837737077,31.67102184300798,122.906057591929,0.3514554623109317,92.25339565858626,2704.193793203297,47.82122727582762,270.8656466891609,102.5682669210233,39.99790042132139,35.19555300866201
0.2702949899805298,31.96578445927608,122.8925967234864,0.3526810885899242,92.25235610426788,2703.911608168815,47.19322977641988,270.9286733432186,102.5387501111098,40.00567371100188,31.92543097689925
0.2708773981585434,32.21244269178281,122.880318271496,0.3525811712282658,92.21486326969357,2703.48614488469,48.61519657377701,270.6423838006959,102.5473845991776,40.00347155302763,32.35479236801722
0.2720299072362405,31.88192865568541,122.8972638014477,0.3477693719615128,92.19827667592912,2703.041347654844,48.22427383221675,270.6842655703281,102.5913480754834,39.99246293753386,34.03594547524327
0.2691961453572451,32.31144796965188,122.8999003096198,0.3493422081948993,92.24789106712124,2704.323909547054,46.22608785470928,270.8943484884585,102.5619356786032,39.99738330572843,30.54947547655968
0.2733950425212638,32.11051800854252,122.9248087354669,0.3508909686459759,92.27466132423793,2703.738913682867,47.47366764711954,271.002200034554,102.5460364314334,39.99658970564604,31.51351483992461
0.2709165084516725,32.22268306146685,122.9140482537089,0.3460222732145636,92.27532527113524,2703.489365188927,47.7210215116785,270.7902948778895,102.5704140938522,40.00050210684538,34.98108723131897
0.2717764271169958,31.86869787043633,122.895228180631,0.3502265985257292,92.25461939488947,2703.853377891693,47.58671221194352,270.3694355831983,102.5483053212317,40.00361830443144,34.61456443794063
0.2703365906655761,32.07488539427433,122.8759722708742,0.3485844685437238,92.19529120032692,2703.673248888445,45.93887260503047,270.7079908763505,102.5470128991926,39.99656890600919,33.29837053795534
0.2681020645405239,31.6980109293896,122.9045697610866,0.3484051564089198,92.1812042775491,2703.885729772372,47.08183797314773,270.794769109615,102.5906919556745,40.00380789488554,33.51501263352701
0.2704405341455421,32.35432737312413,122.9060247891818,0.3442947525430423,92.22794066070983,2703.786103039466,48.29593209382598,270.8254388198594,102.5517597203965,40.00385909765959,35.63069846180566
0.2688031743417577,31.7510950213436,122.90879056524,0.3456162151741819,92.17581075161462,2703.337496280141,45.86332853763711,270.9119924762556,102.573450720153,40.00228654593229,32.86002632488012
0.2712044868615979,31.99605337801033,122.9062689161939,0.3443714846397488,92.17561396709348,2704.202754183696,49.22252329578326,270.640277734002,102.5659065782919,40.00900467604399,31.08391926291728
0.2716247331012392,32.12105734344955,122.9035638062024,0.3440713350230735,92.18574925941346,2704.33327221368,48.67941240020727,270.9559438973133,102.5724343789622,40.00941072195769,35.03223611490591
0.2713252740012113,32.44211023107052,122.9047258013023,0.3431618136826365,92.21427445841076,2703.699339202061,45.85661971841952,270.7416038854047,102.5709455163914,39.99644329756498,31.90579581437083
0.2720598568354373,31.95312013223593,122.9019779816677,0.3395680448833653,92.1995119023642,2703.985550705388,45.79079030511947,270.2685978907654,102.59370277549,40.01208177298307,30.15400724468672
0.273000734211751,32.33505207192341,122.9076985779807,0.3409463893871828,92.21692368133938,2703.762420754477,46.96177962312115,270.7372639598262,102.5656675606924,40.00522532194853,32.44671839807796
0.2725484464544284,32.40855116661816,122.9110463429904,0.3402525504512849,92.26117363875233,2704.803815846154,47.93835843425844,270.647724438011,102.5737262762769,39.99842197626829,37.02131334663592
0.2739130141289875,32.36034078816409,122.9030823557868,0.3429897300485129,92.2986511816641,2704.761355331264,45.94807214335847,270.9779231949569,102.5475205760405,40.00446582049131,31.04355537424465
0.2725570809574603,31.79343307217274,122.9013932766992,0.341406006576656,92.32933212687816,2705.754324505577,47.42442461758853,270.5299267798396,102.5500235200988,40.00371376246214,32.27364892478255
0.2736494333581707,32.12983866117212,122.9155084229332,0.3456871952108462,92.35776592438164,2705.401270303113,46.75289254904924,270.6538412088611,102.5387991289212,39.99734439104795,33.56127804047789
0.273342016923856,32.27045482321553,122.9013861890329,0.3448561804568435,92.2910335303144,2705.727492393293,46.20065361836135,270.9979731329994,102.5205013641481,39.99333660334349,35.18868011721528
0.2760326429440393,31.86791772876619,122.8854553343054,0.344194112829993,92.23404576390838,2704.906499471966,46.29656149098717,270.4934821413428,102.5761741139564,39.99884267061949,36.28863473307479
0.2748459193317055,32.23721328621398,122.8979877268821,0.344386348501509,92.09938745819674,2704.218512184292,46.60718142383482,270.5466108336107,102.5881905758469,39.99163853853941,32.37127771392013
0.2761665529342802,32.22666372515931,122.9023991999781,0.3430322699946867,92.06788066658352,2704.264468453372,48.83002697479833,270.3410804251212,102.5885754694956,40.00176227778196,31.95081294818533
0.2734916196789818,32.0853353023733,122.9123004836226,0.3439865680426141,92.1086763530407,2704.445976406031,47.12098160196891,270.8987156942082,102.5834988108587,40.00568465441465,30.44237975378952
0.2740371523224351,31.92952252084991,122.9071050448107,0.346264304448,92.19902904231394,2705.079853539879,48.79454354444427,271.2490215051653,102.5929813533214,39.99912687510252,33.04327925283804
0.2750253728214911,32.1920757424852,122.8961911374422,0.3438706313095306,92.25585114934556,2705.9117790038,45.99136553058612,270.4846533590381,102.5491806859515,40.01598431795836,35.08217369115671
0.2767135318136175,32.10644703704751,122.9006945015964,0.3449688219260943,92.28516938925024,2706.297768583797,46.99431836227425,271.1604428703388,102.5602085844433,40.00937221735716,32.25504202906249
0.2788098173612846,32.12123717134684,122.9107385613337,0.3478780983654194,92.31957643206408,2706.273991766009,46.35286088086764,270.8058929751059,102.5667211700915,39.99088279932737,36.70793949390721
0.2812181954838905,32.02024115384059,122.8990067663833,0.3476299288627271,92.27280464448886,2706.40559773219,47.8989090241533,270.5154705069004,102.5393307840042,39.992586376369,32.61077645312575
0.2802739258264243,31.90908921432296,122.9016704801032,0.3477816986543408,92.2230165921867,2705.884840099197,47.10819961868518,270.6064325449748,102.5537067915882,40.00744638651609,33.39870079543046
0.280734544530568,31.99213931012758,122.9043255755351,0.3521113210211501,92.14902740375231,2705.085511496633,44.97960292898175,270.3827920366616,102.5699363094192,40.00774862974882,31.99833701829694
0.2803697043219692,32.299357687822,122.9236600472286,0.3501721969883215,92.132960644816,2705.555556705982,48.97632434817227,270.8132954873035,102.5562855415355,40.01591506689787,35.03482896681518
0.2797912432114952,31.92388193904894,122.8950202317688,0.352868727267246,92.13540868878567,2705.165121452781,47.78439307870811,271.1146037725234,102.5591301945302,40.00613636702299,34.96954381889182
0.2818040485799582,31.95860558656477,122.9056038223219,0.3514702224281592,92.17325289603434,2705.655000360909,48.03707324652749,270.9030680403977,102.5587098547589,40.0093815395236,32.93560570587589
0.28253166886983,32.14632178273612,122.9156315761361,0.3534547915250094,92.1925756154671,2705.930546414726,47.89735855857914,270.7137423209711,102.5437492202018,39.99392617911101,35.99461570958776
0.2806365205343335,32.10797923428198,122.9063095706762,0.3532336538861655,92.19603611911523,2706.095758158468,47.18818451036707,270.75203816453,102.5547305240087,40.00074404448271,32.09698443169641
0.2789308753996596,32.15836919113966,122.9078629638566,0.3555576734994628,92.21179789643485,2706.013220795776,46.81094472237464,270.623173473774,102.5668087858146,39.99765266150236,35.9961489349651
0.2766550689616488,31.9427735953325,122.9041813849575,0.3564567446762832,92.25929424436202,2706.497531333691,45.37800720148671,270.9815002187602,102.5285681173594,39.99265179365873,31.66634773534703
0.2767439943340111,32.2811834161034,122.9133889356342,0.3569611127125596,92.3487916461767,2707.193845949252,48.66596135831813,270.6639058943989,102.5348914597933,40.00930589407682,35.74270576360014
0.2753713726481835,32.1015881698964,122.9067824661916,0.362453739151737,92.26092126648476,2707.420257665595,45.71686359144092,270.8090321739318,102.5541651624901,39.99084663122893,34.87348394960694
0.2760359802313822,32.10526655692075,122.9106163563582,0.3605534173615338,92.16385741379707,2706.400580527711,46.36144025592885,270.5512591942549,102.5593818405567,39.99295721739531,32.21167862266611
0.279004664069105,32.23741674911275,122.9100244329494,0.3624127267839004,92.08961049317824,2705.669467317882,45.9665690694497,270.367600678971,102.5526310391079,39.99770665854216,31.46943198465306
0.278780119121566,32.53540270775282,122.8868128428598,0.3625431489169754,92.09072157091404,2705.555053241049,45.70566882097658,270.6581911247134,102.5815533440673,39.99211643904447,33.80125511005871
0.2776249797604465,31.77273139913932,122.9083319726325,0.3609571228883054,92.1130362426871,2705.558665009149,47.18396129535908,270.7450656407427,102.57321898451,40.00034524649381,33.96500026180503
0.2807501603154235,31.88492885042656,122.8921001728011,0.3635296325023667,92.14051838157924,2705.272688449279,47.18433511477416,270.5401278796361,102.5774256788393,39.99332070082426,31.438020808846
0.2813223589488283,32.1674178573383,122.9041712763354,0.3660457900921774,92.14638778879213,2705.742677440334,46.21137132602453,270.8080236170266,102.5753565606983,39.99895454138517,32.02308721672098
0.2805207946734424,32.1327640216786,122.887147784163,0.3655902009390365,92.14694341551296,2705.511959629147,45.95250747246068,270.5365924667552,102.5874435261289,40.0052550432086,33.40650300141781
0.2795669590044794,32.06274862597301,122.9050534588676,0.3667302217833837,92.11636858900692,2706.021513206173,46.18219071080823,270.6313929209823,102.5887882241526,39.99380090922117,32.21307178866062
0.2799278277355156,32.35718816321516,122.8958113065444,0.3673839085683862,92.12395844508002,2705.457850440333,46.49504994214978,270.485092129041,102.5762100162569,40.01281533449888,28.98411985421753
0.2801796039157703,32.40379485102603,122.8926067703116,0.3695187737130401,92.14688845507584,2706.661500687527,46.24774546598132,271.1141772304669,102.5730682880926,40.00139005869627,31.83458752866132
0.2810148912145877,32.25671584221139,122.8972073644981,0.366066178135769,92.16618679833437,2706.11254588885,44.9951432133254,270.6826049605052,102.5432500677638,39.99629437655211,28.27965671262812
0.2806279572530149,32.26319341534011,122.9001723523348,0.3683347852625399,92.1829680547214,2706.662341936185,46.80085656127066,270.4183004886614,102.5718742749985,40.00345541208983,33.27975167147081
0.2781932555615576,31.90817182568565,122.8970722344935,0.3688748368505441,92.15332140309154,2705.777954230196,47.40951597146779,270.7878441345985,102.5592186184475,39.99837663859129,33.619696337306
0.2815875163535392,32.17995158024836,122.8957698262792,0.3729413755030779,92.10614732837026,2705.540701662403,47.5903691953864,270.4443972074144,102.5492940325095,40.01046956270933,34.22839368087564
0.2820736455161749,32.37601589325227,122.9119973561445,0.3744454220801992,92.10433030081072,2705.306268454843,45.32928965657096,270.9677869496399,102.5845550059496,39.9936730787158,31.43086378297707
0.2825209226274211,31.94521714017881,122.9112557348081,0.3747137955898251,92.18282686673642,2706.24160498368,46.61016106928081,270.521101429953,102.5502622124013,39.99969123095274,33.18264982806338
0.2826600885750326,32.42324631026791,122.8875840201492,0.3740522904697415,92.19227026332386,2706.178883713269,45.90946673245703,270.779232821232,102.5535232232866,40.00048691004515,34.68319307217725
0.2823514223527806,32.08438515254556,122.9063846254937,0.3746352495755824,92.16044528338908,2705.694258320841,44.90899584384179,270.3393844648639,102.5602990890973,39.99531371325254,34.13249241586087
0.2838711302840829,32.22188161328516,122.8840804229099,0.3738482688794849,92.08676265803616,2705.030673859934,44.54095774424356,270.5713326495929,102.5516133774861,40.00171265810728,33.73786923062537
0.2845351169801013,31.92987711679517,122.9120484933753,0.3730731727648702,92.05507428431538,2704.490332797967,45.45285775330522,270.4101400896818,102.5711966607642,40.00749923914671,31.79721108184084
0.2832529319292627,32.35753863058979,122.9028661231743,0.3750986559303293,92.09653775552326,2704.848500674532,45.30331362221185,270.6412712225904,102.5516026402756,40.0053143236041,30.08539168465511
0.2820707443850408,32.19613673758916,122.9050988710436,0.3728244146084875,92.15975419608348,2705.492385379625,45.738772217976,270.472895814146,102.5461258597755,39.99998836249113,29.78997586013253
0.2831754906566951,32.36825585840906,122.9114207021856,0.3780001151571547,92.2683053486683,2706.017018959975,45.82302625302555,270.4088514083996,102.5428384440142,39.98677302092314,33.46110280022886
0.284531226548433,32.14780012137726,122.8989305649066,0.3738963144297032,92.31719801364926,2705.925321039459,46.54394872078663,270.7864443857487,102.5282266964012,40.00670434683561,33.96741936947373
0.2842683012230448,32.17513129454215,122.9212009197407,0.3803209862895453,92.26712694565045,2705.814448398299,46.3234523425807,270.2264172307387,102.509890178487,39.99485738486052,36.30596967328791
0.2858959661689935,32.35298860608558,122.9023354483688,0.3760541788514726,92.19105677230864,2704.809678044419,45.53719656483639,270.2164642808261,102.5292498206817,39.99371735304594,36.74422171770541
0.2853243929853275,32.26193689408628,122.9096461052322,0.3788448058186424,92.08388674135423,2704.27385630354,43.13731472345341,270.236157764131,102.5311320629174,40.00322643011808,29.34721959966519
0.283986519612067,32.45797710432822,122.8833206482773,0.377791833148747,92.06690709915372,2703.787427060615,46.16716254151159,270.5224248110896,102.5497120170826,40.00278891295195,25.46899957717179
0.2853688150153719,32.39352984313209,122.9147908080656,0.3756272487732346,92.15039049825504,2704.736472945557,45.0560699226832,270.6647654873381,102.5516499872673,39.99795802801847,32.53577613717428
0.2866411513296981,32.08335604504803,122.9015854538563,0.3767486875777349,92.2051031683434,2704.982522609597,43.57159175588618,270.7491037069433,102.5279019099146,39.99172547072172,32.36531074491793
0.2832602733872112,32.364741280607,122.8974928848028,0.3763097747472569,92.25029907119414,2705.366371541347,46.11873743263742,270.0283576088426,102.5259025474553,40.00155991286039,32.13742979112079
0.2853210361637986,31.9886876538378,122.8837963947953,0.3763078207539787,92.23144595390892,2705.589354152505,45.25962362258968,270.2859243972659,102.5342909084001,39.99416177481413,34.781011810537
0.2829254639560939,31.82711616707763,122.8982223655343,0.375540384426121,92.1979179765569,2704.91956281086,44.36920141325311,270.5639240779273,102.5149455344158,39.99031557768583,36.3944494233325
0.2840881381004405,32.2336253035287,122.8929600369217,0.3757029174419983,92.08801598329129,2703.482609158601,44.30788738476255,270.0813529480516,102.5632846567007,39.99089046210051,30.20877718967037
0.2857579110088778,32.15604683364764,122.8899288694458,0.3761215846189364,92.0967393686256,2703.80810826575,43.79836204113676,270.7832983797115,102.5567234212081,39.99810480803252,35.31755762460306
0.2831342964358008,32.01626982104899,122.913067345131,0.3748749600665694,92.16617943093232,2704.042559996789,46.21254865808954,270.6860722620783,102.5470543950305,40.00336963385344,32.73529867948955
0.28303270509746,32.29177223045487,122.9132203400283,0.3758220113208212,92.24009915597982,2704.4919092965,44.97951460458957,270.4204964478808,102.5318987020585,40.0191806909442,34.07097648755583
0.2854695437072635,31.95645748785445,122.8928439879539,0.372234712394183,92.2487189022018,2704.523274606789,44.49971072044187,270.1861650631269,102.5320971021596,39.98697166651488,33.44303073647836
0.2877693986512306,31.60713891080486,122.9078330540596,0.3719903835411829,92.20731642468616,2704.206470163855,43.30987001695843,270.3860308803961,102.5352327381029,40.0063314935565,32.21875428960522
0.2884275675089276,31.95606457158327,122.8906627347527,0.3718369417732811,92.1500232002574,2703.305979790582,44.29310005244513,270.2212869048737,102.5588483510613,39.99062393397093,37.15642586503969
0.2883811901125136,32.02327024513668,122.892795411324,0.3713448554040709,92.11249986172773,2702.714557788229,44.50565343745791,270.3879184540558,102.559255355933,39.9876815149188,34.01815059179857
0.2917653561021669,32.07922524453438,122.9143728755863,0.368768023862194,92.0849179279336,2702.418845569165,44.37577590726655,270.3466762976139,102.5594591687792,39.99031740397215,33.25979486210743
0.291161070284101,32.27686093394797,122.8979473901396,0.367815104765007,92.17030287382669,2703.150041478923,44.11614011989039,270.5920241584978,102.5720246193647,39.9902350255847,32.71929590137319
0.2895985438863595,31.98577609835675,122.9102755535434,0.3650767782372838,92.206794585907,2703.383055801797,43.36316556668428,270.3965801860878,102.5615181486648,40.00453082293272,35.76112442671366
0.2910929127206748,32.05052672807032,122.91174011423,0.3674745569703664,92.2202767444872,2703.264582795703,42.07753581199302,270.4681268436216,102.5382992250662,40.00454158991575,34.10424269154497
0.2918350129795426,32.52160530804723,122.8986671383092,0.3642979852490418,92.1864338621184,2703.077028629114,45.05534070051329,270.2963035784355,102.5418604643558,40.00317288607359,36.3063974777131
0.2908398438413452,31.84321530193162,122.8976397109376,0.3628197812941061,92.122817793914,2703.389232478864,46.19912411216506,270.4774574376099,102.542547804336,39.98439659327268,36.94035650655021
0.2905834403051816,32.17777920568172,122.8918051101731,0.3635124680745828,92.08425342642356,2702.581191975104,45.73726134903591,270.5221588147246,102.559041939735,39.99873700350523,30.88686003498701
0.2933359380585783,32.09475556884162,122.9053428070564,0.3614618111866616,92.10341660473244,2703.234801981236,44.48910001449077,270.3146056543488,102.5338518238271,39.99820357531309,33.7630945521295
0.2952492947053876,32.01461069113547,122.8902298566905,0.3581616002116151,92.11151247870154,2702.410471976046,45.41484116190489,270.3810772786638,102.5299684227886,40.00312767237425,35.01423481013826
0.2923875764800151,31.89640255197988,122.8980074122732,0.3619661865797658,92.10807118576908,2703.520538581672,44.47134609595413,269.9887151563929,102.5502926567724,39.9825174638629,37.21919521449311
0.2946262477615787,32.50643143682749,122.9135975977791,0.359377496715532,92.11885000934788,2703.082978972664,46.40263809268346,270.159965423697,102.5399111942839,39.99363975256681,36.36518006929658
0.2945457264847346,32.01989094082888,122.9114148947819,0.3571077934710298,92.12844267729508,2703.010080878003,42.61588973342556,270.2557342419287,102.5373481428906,40.00313790053129,33.26530930747578
0.2953163229591352,32.3156651313867,122.9000927665694,0.3563194732305132,92.14953124546912,2702.890963679633,43.96873041446455,270.2808160226384,102.5315498245531,40.00159400671721,32.62574187555263
0.2946720830659501,32.08146837333902,122.9163747799881,0.3581155067562867,92.22045862406448,2704.239446841091,45.02867323430057,270.2677406414129,102.5177777097013,40.00676633566618,30.66345015610586
0.2956267601300083,32.32736394865037,122.9215428310383,0.3565683881293655,92.23456561992872,2703.49809637176,42.68679016069781,270.3928255246062,102.5127532237183,40.00096091002226,39.05543261957033
0.2933664720755161,31.73704289016528,122.8933799030785,0.3551186896055935,92.12452499576116,2702.816026354817,43.55185641150758,269.9817407845073,102.5312004654306,39.99796937674284,34.50438356699806
0.2931275323348273,32.05020370732323,122.9139370124699,0.3534111162285645,92.10316961269812,2702.885276625061,44.54655511292714,270.1891861646169,102.5280616712448,39.99778723448515,31.08050866770199
0.2928328863242813,31.9487133013535,122.9097654399116,0.3535177711923683,92.09697678666022,2702.999905646341,45.19744416880528,270.5605086875512,102.521364094215,39.98560771673917,33.56272225991229
0.2929230666278606,31.94036329743239,122.9189721644936,0.3559066588103074,92.0854756763578,2703.233672616158,44.42682640154275,270.3734848607226,102.5255413546338,39.99655777662993,34.21268753015163
0.2933605649161594,32.184221686095,122.8968949961756,0.3517337746330766,92.06546672765792,2702.769071901819,44.51415148595947,270.7417763765961,102.5300198720797,40.0014674064517,31.96290445866683
0.2912322461816013,32.06145258852489,122.8871368563098,0.3515165767754572,92.07767477545345,2702.80887588592,43.52606083664254,270.5211162472985,102.5377145142366,39.98611541479826,38.22851862945524
0.291643044145745,31.93951192721743,122.899456651231,0.3502877922626906,92.05640715280327,2703.058637154855,44.60698467100329,270.2076844427879,102.5399733702896,40.02538614958524,33.03626973814567
0.2911594772772883,31.8633946560273,122.9044721476824,0.3492158948123922,92.0968062421226,2703.057922187146,44.24071026286266,270.7179286502709,102.5134733395728,39.98616367071867,32.67288499777931
0.2899564905911388,32.12334548678555,122.8934652304352,0.3499123510438082,92.12428161492367,2703.130323208214,43.02804852097876,270.1905221485889,102.5061298354096,40.00418453902006,31.28690007510628
0.2884528313822382,31.76555705458743,122.9135792640511,0.3488657311225667,92.16016966784018,2703.335058044423,43.44197788330947,270.3071910490254,102.5198941939659,40.00329469412565,35.55797593765652
0.2886742074383373,32.4069096792233,122.9018150414133,0.3462736203752375,92.1411556582662,2704.147267920367,44.32111172029451,270.6129463183252,102.5059503549409,39.97738451689482,34.9096665524592
0.2909100464961022,32.027562328493,122.9069330068963,0.3476415902091385,92.11691336758255,2703.665442351741,41.78482042896839,270.6889255134774,102.5178051661067,39.99559354990721,32.2081019906894
0.293919915950909,32.11996214873373,122.8940501339468,0.3481388244385779,92.09433030593782,2703.796768210082,44.45808433880457,270.3683201077417,102.5032010506379,40.00042773455382,32.01675116019697
0.2921760513033314,31.87922633896707,122.9080454715158,0.3484406953483994,92.10080212233711,2703.854238759527,44.11563293374346,270.8390616629915,102.5087468311649,40.02314357966185,35.32973185508123
0.289886872972541,32.24743709741153,122.9286778636654,0.3481496262246461,92.07551785585456,2704.005030162958,43.76501434684179,270.6289372714291,102.5194888881043,39.99482951372862,35.99243055877277
0.2955474815898857,32.53617863618275,122.9033005581135,0.3479449332103677,92.09242282658975,2703.636420429317,43.47415377877312,270.25595261764,102.4829582987105,39.9948587629199,32.91880005327047
0.2934676045760858,32.02853425169894,122.913281079278,0.3488829882795543,92.14810268894568,2704.004583430227,43.60656605021212,270.6969029342835,102.4904351231386,40.00147439211607,34.69356193697411
0.2953897086665898,32.46530355358332,122.8990812469109,0.347475646699527,92.16255407966834,2704.273780724298,44.33307022239956,270.7605273712103,102.4844034899268,40.00101409167051,32.70977382880805
0.2950700509728704,31.78971433773451,122.9018468031942,0.3449710124110433,92.12792997752676,2704.445063466697,42.88390096809385,270.3487276712926,102.4845521979834,39.98928558558226,32.99035488029205
0.2943402121437417,32.01504932334956,122.8999589252528,0.3478595285145973,92.06675283238006,2703.331732061232,44.58761958535779,270.3769587889072,102.4827387522221,40.00938838213682,33.94141977655145
0.2971014796749251,32.08183291582627,122.9013205038736,0.3481091494540442,92.02285368867015,2703.755907469575,43.74452425761812,270.6604728656106,102.487559477989,39.99327371805906,35.11723461282813
0.2928276430996812,32.39372788207922,122.879703806393,0.349413156096353,92.00479863124696,2702.864790619742,45.31409670004015,270.7130010802632,102.5017520317295,39.99075993746519,35.57238125025352
0.2937571707601352,32.29534107301363,122.8986732136531,0.3419405306145759,92.01694351273794,2703.470113437397,44.70977777091129,270.8284830623369,102.4745477443934,40.0122509214282,33.18515434451646
0.2960783587746416,32.15709207352323,122.8842304340479,0.3462242257300266,92.00601235209528,2703.637408394106,44.34289224628153,270.2186533359554,102.5094422100095,40.00524582117796,35.04399547195573
0.2949648093209675,32.16161442373094,122.9129430247,0.3422167485587267,91.9923913504885,2703.967854247647,45.05648821104567,270.8648913637802,102.5159700020167,39.99487176150083,31.44987739524337
0.2950716219835404,32.27819707194762,122.8979955671417,0.3431704938405666,92.00756957183133,2703.094604484545,44.61193119325193,270.9461312386137,102.4847708320806,40.00630043238402,30.94239876853693
0.2930491853848327,31.94147349742286,122.882603744189,0.3417816630870079,92.04419128444574,2703.526300265708,43.37965791097876,270.5405943744926,102.4972857493133,39.99498776167631,33.79781656564359
0.2936152307283219,31.67608748621502,122.9201913301076,0.340117472811771,92.058209631833,2703.374480349154,45.20720125300438,270.4007744287113,102.4896766392557,39.99024684637785,31.75263675072403
0.2963642546480172,32.24456341158423,122.8953038838866,0.3375925129771466,92.06567774515288,2704.180159854865,44.60186753668614,270.3939867517688,102.4797085202136,39.9912408515811,31.77914818445561
0.2968697359126349,31.97695645414052,122.91413801553,0.3379085945529448,92.09743388591646,2704.09882245202,44.22931194157306,270.6687246551182,102.4753975101445,39.99449032515287,34.68310914399142
0.2950951140772032,31.94828571146068,122.9036930162784,0.3394726747970702,92.07143958492443,2703.62144957943,45.16646128653117,270.3040706365148,102.4821247996557,39.98490102499724,35.33002778540657
0.2945892166131575,32.2436655862601,122.9028620331994,0.3376582734298368,91.9910005029154,2702.806010211786,43.3984264644056,270.5200541875782,102.5000652449407,39.99835585325956,33.72115686301551
0.2963437834874899,32.04341267655526,122.9158624730841,0.3403467488070158,91.98446664067288,2703.174387091475,43.41885919415303,270.7772770619777,102.4930619433245,40.00927961081266,32.23083123224974
0.2934850890986224,31.80225431022459,122.8983012946752,0.3399028589885229,92.00427158467284,2703.556878230396,43.01147723085671,270.4668623577661,102.4781625628177,40.01181683272123,33.70564926845075
0.2899282764340124,32.08780809125287,122.911341964898,0.3379633207273503,92.01521218522164,2703.475645010482,44.00964154984786,270.7832883900336,102.4764544424451,39.99719382971525,36.05406668573536
0.2908588716993059,31.98810697149255,122.9173913278936,0.3374645290213212,92.0538472621025,2704.157713261523,43.44406911063655,270.4025367911103,102.4878938369449,39.99711761206388,32.86423717973383
0.2923126229089406,31.86855211024363,122.919575127328,0.3375816341103978,92.10930452942723,2704.933633883744,43.52665190846329,271.1283959338306,102.4752870829154,40.01231219023466,34.00261422230903
0.2922160719547365,32.05302306845966,122.8953275405171,0.3359490290213277,92.0955348341296,2704.830174363193,43.35998820477242,270.5204847627979,102.4635478172918,40.01287584036589,35.1026742194744
0.2905741176297327,32.30966466040496,122.9132597069872,0.3393676832567135,92.078724306727,2704.881241357286,43.93144596985226,270.4541501308195,102.462489682332,40.01279673308134,34.93751997297461
0.2943198794714352,32.0567539371682,122.8916041755151,0.3402632412922286,92.07325166647642,2705.048205774478,43.38155687234614,270.5347019045621,102.4546909096936,40.02452321738005,35.79051500864541
0.2924057988262219,32.1413759514551,122.8908821248329,0.3400278464749907,92.02568430768729,2704.702184600006,43.90831156681402,270.6587853258416,102.4714310530791,40.01061073988676,34.51315179197844
0.2930232432186026,31.96034449823615,122.9065131805038,0.3420674554051638,91.96288048225053,2704.408612315954,44.54197953610576,270.5836964419721,102.4636936429616,39.99535017222166,32.56957812615368
0.2956107774474151,32.3636538869955,122.9002432356054,0.3431411530007275,91.99487694853872,2705.005933130061,46.3427348127604,270.6828603192071,102.4835779770452,39.99662656039,29.6025164733964
0.2949976606000538,31.97318055054843,122.895012554304,0.3396096723956128,92.0321622413558,2704.857202523126,44.01978142697709,270.7780386984103,102.468958847464,40.00770378321409,31.15914665363511
0.2964612698523048,32.22734036521634,122.9272722262835,0.3424311513677001,92.06449905839398,2705.508733069443,43.85656130250877,270.7830123424515,102.441613808421,40.00515942782164,36.40707117697435
0.295006758878618,32.45991184850276,122.9044472536201,0.3424468472500012,92.01187317810646,2705.23966742171,45.09546112147689,270.9354424343186,102.4610777349153,39.9947827360034,33.8895865941908
0.2946310500150992,31.74938753966282,122.892669611866,0.3414183369100983,91.97586537170685,2705.132758178984,43.122504209143,270.9720982113321,102.4614151962644,40.00738169878721,32.20609476404606
0.2929056918210814,31.78858954646974,122.895581066894,0.3444356680912652,91.9839028678642,2704.794814511447,44.19063548656306,270.5624474035127,102.4673219852732,39.98156617373228,32.27070092274803
0.2976474683405496,32.56510635401167,122.902028522724,0.3420288635264175,91.99410232341069,2705.691339062518,43.41485443890367,270.4370913302902,102.4591760533763,40.00016525477171,33.5318133068295
0.2991975580988549,32.12730305746921,122.8975348522777,0.3445422390483736,92.01657953451677,2705.087092927116,43.59672025098205,271.0320859346099,102.4668244028387,39.98439091891051,36.90570547410984
0.3001205070530619,32.43158150594259,122.9047677408295,0.3474098613649176,92.00019021299356,2704.752814681216,42.85520739193344,270.9623926774394,102.4594296034255,39.99360645502806,33.70854083815015
0.2998620268967211,32.2347453901254,122.9026353607764,0.3454566045070795,91.9883901408987,2704.671127608768,44.34064063455862,270.893436862318,102.4444522181377,39.98528195589781,32.80287839239917
0.3010784143370396,31.94616857550367,122.8843947688996,0.3474284538362287,91.95286246186868,2704.016182533409,44.64685534603885,270.6682581948787,102.4819340055053,39.97288732737303,31.88723322257306
0.3035383369403482,32.07025400138079,122.884719807162,0.3456451189718464,91.9619852569728,2704.661811748731,42.06208251938598,271.0079364695463,102.4669667866043,39.99743746012449,35.90946223983207
0.2993504851457548,31.8348524235952,122.9040425566892,0.3444437291392948,91.97639133214123,2704.265758533112,43.68817559399407,271.3152289820665,102.4832828185129,39.99108323305845,34.99064518533108
0.29918394082224,32.01065716197823,122.9054272760006,0.342990730460191,91.95644388807634,2704.403280842932,44.07198236999165,270.8362905368756,102.4780487503195,39.99165746897459,34.3941112232358
0.2985144167149943,32.06136398231631,122.9045820330496,0.3462111692037178,91.98540609816358,2704.943357007572,44.20629579959507,270.9590619756047,102.4793310116991,39.99628748625517,36.8128206985292
0.2985369999376559,31.99996487975519,122.8933443502646,0.3450671580722339,91.91503680844768,2704.783080183179,44.05092835374666,270.6636060518253,102.4692489441216,40.00685357779265,32.26316273896607
0.2961753531539398,32.17761914752945,122.8829802575654,0.3464531153236884,91.93517224100307,2705.036582385686,45.00435943251173,271.1235070671293,102.4540481550874,39.9987734863162,32.34633856046043
0.2946810374119198,32.12994606896828,122.9131060487879,0.3457406012988671,91.95941256877975,2705.476882025119,42.66789071187535,271.1734234856045,102.4819043155066,40.01051661223173,35.58160396304847
0.291182472722422,32.04331205906379,122.9004234265638,0.3472434612289224,91.999872046054,2705.402701305182,41.72136229975365,270.7998378029843,102.4706983985735,40.00750848501921,32.69663597345749
0.2934639734540504,32.01855015212831,122.9019045717095,0.3472741118895816,92.01345939646964,2704.836852451821,43.39433836919298,270.7674715255226,102.4545025973373,39.99909039229155,34.25645810865615
0.2935612940546343,32.30780244895741,122.8968263605174,0.3501657190397996,91.98292557332664,2705.294659142643,44.21855311036584,270.549119029406,102.4548965510272,40.00185363501311,34.33236086553107
0.2919126314063572,32.09132180486824,122.8997516588632,0.3496108747339517,91.93864361110968,2705.12059138313,43.3185192670617,270.7824338860004,102.4512137563968,40.01117455214262,33.95053495594582
0.2905308613825763,32.07150522476183,122.9036405306232,0.350330410431982,91.93338340723554,2705.208762982955,43.98094379805748,271.1210904284055,102.4491564248623,39.98910819739103,33.48357500847043
0.2888143716561541,32.50844857221189,122.9047952189312,0.3487195868754272,91.93715157389524,2704.985606556198,42.75633166132224,271.11943009835,102.4631116559174,40.00536353796721,30.09166625997348
0.2921941062357074,32.03308030313978,122.8847059611868,0.3515592186232249,91.99414053135196,2705.041340090436,44.36437753849555,270.9402008349748,102.4467005844774,40.00514099806547,34.01215230481135
